model_name,data_count,BLEU-1,BLEU-2,BLEU-3,BLEU-4,ROUGE-1,ROUGE-2,ROUGE-L,CHRF,CHRF+,LaBSE-Similarity
Qwen/Qwen2.5-0.5B-Instruct,3,7.563025210084033,5.074097831170194,3.8141686956256007,2.9199227790468436,15.332594235033262,6.273584905660377,10.883222468588322,2.380952380952381,2.380952380952381,60.73784530162811
Qwen/Qwen2.5-0.5B-Instruct,5,10.047846889952154,6.798894136490048,4.995009976724849,3.8357519850457398,23.15583867386514,12.113355780022445,20.897301275897462,6.971340046475601,6.971340046475601,62.51506090164185
Qwen/Qwen2.5-0.5B-Instruct,5,9.677419354838708,4.120428217151644,1.4835213034557582,0.9129476518086117,0.0,0.0,0.0,3.0864197530864192,3.0864197530864192,58.02176713943481
ai-forever/FRED-T5-1.7B,5,48.861220573941814,38.38900044987323,31.073408388628376,26.118913621193396,0.0,0.0,0.0,10.344827586206899,10.344827586206899,90.2017068862915
ai-forever/ruT5-base,5,1.8006286280653414,0.6016037595325818,0.4350117204105535,0.38318948277814546,0.0,0.0,0.0,0.0,0.0,38.254960775375366
